kind,path,size_bytes,size_readable
DIR,E:\Bots\docgen_backend_minimal_v2\venv\Lib\site-packages\numpy\_core\tests\__pycache__,4204541,4.01 MB
DIR,E:\Bots\docgen_backend_minimal_v2\venv\Lib\site-packages\sqlalchemy\orm\__pycache__,2420287,2.31 MB
DIR,E:\Bots\docgen_backend_minimal_v2\venv\Lib\site-packages\sqlalchemy\sql\__pycache__,2273469,2.17 MB
DIR,E:\Bots\docgen_backend_minimal_v2\venv\Lib\site-packages\pandas\core\__pycache__,1922931,1.83 MB
DIR,E:\Bots\docgen_backend_minimal_v2\venv\Lib\site-packages\pandas\tests\frame\methods\__pycache__,1585258,1.51 MB
DIR,E:\Bots\docgen_backend_minimal_v2\venv\Lib\site-packages\numpy\lib\tests\__pycache__,1419613,1.35 MB
DIR,E:\Bots\docgen_backend_minimal_v2\venv\Lib\site-packages\PIL\__pycache__,1411146,1.35 MB
DIR,E:\Bots\docgen_backend_minimal_v2\venv\Lib\site-packages\pip\_vendor\rich\__pycache__,1215446,1.16 MB
DIR,E:\Bots\docgen_backend_minimal_v2\venv\Lib\site-packages\numpy\_core\__pycache__,1076438,1.03 MB
DIR,E:\Bots\docgen_backend_minimal_v2\venv\Lib\site-packages\numpy\lib\__pycache__,1033933,1009.70 KB
DIR,E:\Bots\docgen_backend_minimal_v2\venv\Lib\site-packages\pip\_vendor\chardet\__pycache__,999648,976.22 KB
DIR,E:\Bots\docgen_backend_minimal_v2\venv\Lib\site-packages\pandas\tests\frame\__pycache__,964824,942.21 KB
DIR,E:\Bots\docgen_backend_minimal_v2\venv\Lib\site-packages\pandas\tests\groupby\__pycache__,930754,908.94 KB
DIR,E:\Bots\docgen_backend_minimal_v2\venv\Lib\site-packages\pdfminer\__pycache__,850229,830.30 KB
DIR,E:\Bots\docgen_backend_minimal_v2\venv\Lib\site-packages\pandas\tests\io\__pycache__,831674,812.18 KB
DIR,E:\Bots\docgen_backend_minimal_v2\venv\Lib\site-packages\pandas\core\arrays\__pycache__,820795,801.56 KB
DIR,E:\Bots\docgen_backend_minimal_v2\venv\Lib\site-packages\sqlalchemy\engine\__pycache__,778419,760.17 KB
DIR,E:\Bots\docgen_backend_minimal_v2\venv\Lib\site-packages\pandas\tests\series\methods\__pycache__,773357,755.23 KB
DIR,E:\Bots\docgen_backend_minimal_v2\venv\Lib\site-packages\pandas\core\indexes\__pycache__,752816,735.17 KB
DIR,E:\Bots\docgen_backend_minimal_v2\venv\Lib\site-packages\pandas\io\__pycache__,733570,716.38 KB
DIR,E:\Bots\docgen_backend_minimal_v2\venv\Lib\site-packages\jinja2\__pycache__,710692,694.04 KB
DIR,E:\Bots\docgen_backend_minimal_v2\venv\Lib\site-packages\numpy\ma\tests\__pycache__,708405,691.80 KB
DIR,E:\Bots\docgen_backend_minimal_v2\venv\Lib\site-packages\pydantic\v1\__pycache__,656829,641.43 KB
DIR,E:\Bots\docgen_backend_minimal_v2\venv\Lib\site-packages\pandas\tests\indexing\__pycache__,652053,636.77 KB
DIR,E:\Bots\docgen_backend_minimal_v2\venv\Lib\site-packages\pydantic\__pycache__,648611,633.41 KB
DIR,E:\Bots\docgen_backend_minimal_v2\venv\Lib\site-packages\numpy\distutils\__pycache__,628972,614.23 KB
DIR,E:\Bots\docgen_backend_minimal_v2\venv\Lib\site-packages\numpy\random\tests\__pycache__,621468,606.90 KB
DIR,E:\Bots\docgen_backend_minimal_v2\venv\Lib\site-packages\pandas\io\formats\__pycache__,592789,578.90 KB
DIR,E:\Bots\docgen_backend_minimal_v2\venv\Lib\site-packages\numpy\f2py\__pycache__,587267,573.50 KB
DIR,E:\Bots\docgen_backend_minimal_v2\venv\Lib\site-packages\pandas\tests\window\__pycache__,584494,570.79 KB
DIR,E:\Bots\docgen_backend_minimal_v2\venv\Lib\site-packages\sqlalchemy\dialects\postgresql\__pycache__,579637,566.05 KB
DIR,E:\Bots\docgen_backend_minimal_v2\venv\Lib\site-packages\sqlalchemy\testing\suite\__pycache__,576048,562.55 KB
DIR,E:\Bots\docgen_backend_minimal_v2\venv\Lib\site-packages\pip\_vendor\distlib\__pycache__,523350,511.08 KB
DIR,E:\Bots\docgen_backend_minimal_v2\venv\Lib\site-packages\pandas\tests\arithmetic\__pycache__,521855,509.62 KB
DIR,E:\Bots\docgen_backend_minimal_v2\venv\Lib\site-packages\pydantic\_internal\__pycache__,491247,479.73 KB
DIR,E:\Bots\docgen_backend_minimal_v2\venv\Lib\site-packages\pip\_vendor\pyparsing\__pycache__,484805,473.44 KB
DIR,E:\Bots\docgen_backend_minimal_v2\venv\Lib\site-packages\click\__pycache__,479493,468.25 KB
DIR,E:\Bots\docgen_backend_minimal_v2\venv\Lib\site-packages\numpy\ma\__pycache__,471248,460.20 KB
DIR,E:\Bots\docgen_backend_minimal_v2\venv\Lib\site-packages\pandas\tests\plotting\__pycache__,470779,459.75 KB
DIR,E:\Bots\docgen_backend_minimal_v2\venv\Lib\site-packages\numpy\polynomial\__pycache__,468845,457.86 KB
DIR,E:\Bots\docgen_backend_minimal_v2\venv\Lib\site-packages\cffi\__pycache__,464485,453.60 KB
DIR,E:\Bots\docgen_backend_minimal_v2\venv\Lib\site-packages\pkg_resources\_vendor\pyparsing\__pycache__,461294,450.48 KB
DIR,E:\Bots\docgen_backend_minimal_v2\venv\Lib\site-packages\setuptools\_vendor\pyparsing\__pycache__,461264,450.45 KB
DIR,E:\Bots\docgen_backend_minimal_v2\venv\Lib\site-packages\setuptools\_distutils\__pycache__,442339,431.97 KB
DIR,E:\Bots\docgen_backend_minimal_v2\venv\Lib\site-packages\pandas\core\groupby\__pycache__,441617,431.27 KB
DIR,E:\Bots\docgen_backend_minimal_v2\venv\Lib\site-packages\pandas\tests\io\parser\__pycache__,440529,430.20 KB
DIR,E:\Bots\docgen_backend_minimal_v2\venv\Lib\site-packages\pycparser\__pycache__,436027,425.81 KB
DIR,E:\Bots\docgen_backend_minimal_v2\venv\Lib\site-packages\pandas\tests\io\formats\__pycache__,434715,424.53 KB
DIR,E:\Bots\docgen_backend_minimal_v2\venv\Lib\site-packages\pandas\tests\indexes\multi\__pycache__,426841,416.84 KB
FILE,E:\Bots\docgen_backend_minimal_v2\templates\word\~WRL1619.tmp,422770,412.86 KB
DIR,E:\Bots\docgen_backend_minimal_v2\venv\Lib\site-packages\pandas\tests\tseries\offsets\__pycache__,410264,400.65 KB
DIR,E:\Bots\docgen_backend_minimal_v2\venv\Lib\site-packages\pandas\tests\io\pytables\__pycache__,406350,396.83 KB
DIR,E:\Bots\docgen_backend_minimal_v2\venv\Lib\site-packages\setuptools\command\__pycache__,403259,393.81 KB
DIR,E:\Bots\docgen_backend_minimal_v2\venv\Lib\site-packages\sqlalchemy\ext\__pycache__,394432,385.19 KB
DIR,E:\Bots\docgen_backend_minimal_v2\venv\Lib\site-packages\pandas\tests\frame\indexing\__pycache__,391765,382.58 KB
DIR,E:\Bots\docgen_backend_minimal_v2\venv\Lib\site-packages\pandas\tests\reshape\__pycache__,391688,382.51 KB
DIR,E:\Bots\docgen_backend_minimal_v2\venv\Lib\site-packages\pandas\tests\resample\__pycache__,390507,381.35 KB
DIR,E:\Bots\docgen_backend_minimal_v2\venv\Lib\site-packages\pandas\tests\reshape\merge\__pycache__,384709,375.69 KB
DIR,E:\Bots\docgen_backend_minimal_v2\venv\Lib\site-packages\setuptools\__pycache__,380800,371.88 KB
DIR,E:\Bots\docgen_backend_minimal_v2\venv\Lib\site-packages\pandas\tests\series\__pycache__,376186,367.37 KB
DIR,E:\Bots\docgen_backend_minimal_v2\venv\Lib\site-packages\pandas\tests\copy_view\__pycache__,374217,365.45 KB
DIR,E:\Bots\docgen_backend_minimal_v2\venv\Lib\site-packages\pandas\tests\indexes\datetimes\__pycache__,372177,363.45 KB
DIR,E:\Bots\docgen_backend_minimal_v2\venv\Lib\site-packages\pandas\tests\__pycache__,367147,358.54 KB
DIR,E:\Bots\docgen_backend_minimal_v2\venv\Lib\site-packages\pandas\tests\indexes\__pycache__,364237,355.70 KB
DIR,E:\Bots\docgen_backend_minimal_v2\venv\Lib\site-packages\pandas\core\internals\__pycache__,362615,354.12 KB
DIR,E:\Bots\docgen_backend_minimal_v2\venv\Lib\site-packages\pandas\tests\plotting\frame\__pycache__,348773,340.60 KB
DIR,E:\Bots\docgen_backend_minimal_v2\venv\Lib\site-packages\pandas\tests\extension\__pycache__,348094,339.94 KB
DIR,E:\Bots\docgen_backend_minimal_v2\venv\Lib\site-packages\fastapi\__pycache__,342518,334.49 KB
DIR,E:\Bots\docgen_backend_minimal_v2\venv\Lib\site-packages\numpy\polynomial\tests\__pycache__,339601,331.64 KB
DIR,E:\Bots\docgen_backend_minimal_v2\venv\Lib\site-packages\sqlalchemy\dialects\mysql\__pycache__,339463,331.51 KB
DIR,E:\Bots\docgen_backend_minimal_v2\venv\Lib\site-packages\babel\__pycache__,338496,330.56 KB
DIR,E:\Bots\docgen_backend_minimal_v2\venv\Lib\site-packages\numpy\f2py\tests\__pycache__,337331,329.42 KB
DIR,E:\Bots\docgen_backend_minimal_v2\venv\Lib\site-packages\mako\__pycache__,336216,328.34 KB
DIR,E:\Bots\docgen_backend_minimal_v2\venv\Lib\site-packages\pandas\tests\dtypes\__pycache__,328641,320.94 KB
DIR,E:\Bots\docgen_backend_minimal_v2\venv\Lib\site-packages\sqlalchemy\testing\__pycache__,325997,318.36 KB
DIR,E:\Bots\docgen_backend_minimal_v2\venv\Lib\site-packages\pandas\tests\io\json\__pycache__,324144,316.55 KB
DIR,E:\Bots\docgen_backend_minimal_v2\venv\Lib\site-packages\pandas\core\dtypes\__pycache__,319256,311.77 KB
DIR,E:\Bots\docgen_backend_minimal_v2\venv\Lib\site-packages\starlette\__pycache__,316612,309.19 KB
DIR,E:\Bots\docgen_backend_minimal_v2\venv\Lib\site-packages\pandas\tests\io\formats\style\__pycache__,304847,297.70 KB
DIR,E:\Bots\docgen_backend_minimal_v2\venv\Lib\site-packages\idna\__pycache__,299598,292.58 KB
DIR,E:\Bots\docgen_backend_minimal_v2\venv\Lib\site-packages\pandas\core\reshape\__pycache__,297378,290.41 KB
DIR,E:\Bots\docgen_backend_minimal_v2\venv\Lib\site-packages\pandas\tests\tools\__pycache__,289700,282.91 KB
DIR,E:\Bots\docgen_backend_minimal_v2\venv\Lib\site-packages\pandas\tests\series\indexing\__pycache__,286269,279.56 KB
DIR,E:\Bots\docgen_backend_minimal_v2\venv\Lib\site-packages\sqlalchemy\util\__pycache__,284711,278.04 KB
DIR,E:\Bots\docgen_backend_minimal_v2\venv\Lib\site-packages\sqlalchemy\dialects\oracle\__pycache__,284513,277.84 KB
DIR,E:\Bots\docgen_backend_minimal_v2\venv\Lib\site-packages\yaml\__pycache__,275607,269.15 KB
DIR,E:\Bots\docgen_backend_minimal_v2\venv\Lib\site-packages\pandas\tests\arrays\categorical\__pycache__,275399,268.94 KB
DIR,E:\Bots\docgen_backend_minimal_v2\venv\Lib\site-packages\lxml\html\__pycache__,274457,268.02 KB
DIR,E:\Bots\docgen_backend_minimal_v2\venv\Lib\site-packages\openpyxl\worksheet\__pycache__,270919,264.57 KB
DIR,E:\Bots\docgen_backend_minimal_v2\venv\Lib\site-packages\pandas\plotting\_matplotlib\__pycache__,268575,262.28 KB
DIR,E:\Bots\docgen_backend_minimal_v2\venv\Lib\site-packages\pandas\tests\reshape\concat\__pycache__,266873,260.62 KB
DIR,E:\Bots\docgen_backend_minimal_v2\venv\Lib\site-packages\pandas\tests\io\excel\__pycache__,259570,253.49 KB
DIR,E:\Bots\docgen_backend_minimal_v2\venv\Lib\site-packages\pandas\tests\extension\base\__pycache__,253250,247.31 KB
DIR,E:\Bots\docgen_backend_minimal_v2\venv\Lib\site-packages\alembic\operations\__pycache__,250117,244.25 KB
DIR,E:\Bots\docgen_backend_minimal_v2\venv\Lib\site-packages\pandas\tests\strings\__pycache__,248000,242.19 KB
DIR,E:\Bots\docgen_backend_minimal_v2\venv\Lib\site-packages\numpy\typing\tests\data\pass\__pycache__,245102,239.36 KB
DIR,E:\Bots\docgen_backend_minimal_v2\venv\Lib\site-packages\sqlalchemy\ext\asyncio\__pycache__,243515,237.81 KB
DIR,E:\Bots\docgen_backend_minimal_v2\venv\Lib\site-packages\pandas\tests\apply\__pycache__,239593,233.98 KB
DIR,E:\Bots\docgen_backend_minimal_v2\venv\Lib\site-packages\greenlet\tests\__pycache__,239413,233.80 KB
DIR,E:\Bots\docgen_backend_minimal_v2\venv\Lib\site-packages\setuptools\_distutils\command\__pycache__,239165,233.56 KB
DIR,E:\Bots\docgen_backend_minimal_v2\venv\Lib\site-packages\setuptools\config\_validate_pyproject\__pycache__,234645,229.15 KB
DIR,E:\Bots\docgen_backend_minimal_v2\venv\Lib\site-packages\anyio\_backends\__pycache__,234470,228.97 KB
DIR,E:\Bots\docgen_backend_minimal_v2\venv\Lib\site-packages\pandas\tests\groupby\methods\__pycache__,234143,228.66 KB
DIR,E:\Bots\docgen_backend_minimal_v2\venv\Lib\site-packages\docx\oxml\__pycache__,233708,228.23 KB
DIR,E:\Bots\docgen_backend_minimal_v2\venv\Lib\site-packages\pip\_vendor\idna\__pycache__,232309,226.86 KB
DIR,E:\Bots\docgen_backend_minimal_v2\venv\Lib\site-packages\pandas\io\parsers\__pycache__,229820,224.43 KB
DIR,E:\Bots\docgen_backend_minimal_v2\venv\Lib\site-packages\sqlalchemy\dialects\mssql\__pycache__,227271,221.94 KB
DIR,E:\Bots\docgen_backend_minimal_v2\venv\Lib\site-packages\__pycache__,226023,220.73 KB
DIR,E:\Bots\docgen_backend_minimal_v2\venv\Lib\site-packages\cryptography\x509\__pycache__,224744,219.48 KB
DIR,E:\Bots\docgen_backend_minimal_v2\venv\Lib\site-packages\pip\_vendor\requests\__pycache__,220704,215.53 KB
DIR,E:\Bots\docgen_backend_minimal_v2\venv\Lib\site-packages\pandas\tests\indexing\multiindex\__pycache__,220565,215.40 KB
DIR,E:\Bots\docgen_backend_minimal_v2\venv\Lib\site-packages\pandas\tests\util\__pycache__,220158,215.00 KB
DIR,E:\Bots\docgen_backend_minimal_v2\venv\Lib\site-packages\babel\messages\__pycache__,216891,211.81 KB
DIR,E:\Bots\docgen_backend_minimal_v2\venv\Lib\site-packages\anyio\_core\__pycache__,215198,210.15 KB
DIR,E:\Bots\docgen_backend_minimal_v2\venv\Lib\site-packages\pandas\tests\arrays\sparse\__pycache__,213261,208.26 KB
DIR,E:\Bots\docgen_backend_minimal_v2\venv\Lib\site-packages\pandas\tests\indexes\period\__pycache__,209096,204.20 KB
DIR,E:\Bots\docgen_backend_minimal_v2\venv\Lib\site-packages\pandas\tests\indexes\interval\__pycache__,208411,203.53 KB
DIR,E:\Bots\docgen_backend_minimal_v2\venv\Lib\site-packages\pandas\core\window\__pycache__,206878,202.03 KB
DIR,E:\Bots\docgen_backend_minimal_v2\venv\Lib\site-packages\packaging\__pycache__,199871,195.19 KB
DIR,E:\Bots\docgen_backend_minimal_v2\venv\Lib\site-packages\websockets\__pycache__,195407,190.83 KB
DIR,E:\Bots\docgen_backend_minimal_v2\venv\Lib\site-packages\pandas\tests\arrays\__pycache__,195337,190.76 KB
DIR,E:\Bots\docgen_backend_minimal_v2\venv\Lib\site-packages\pkg_resources\_vendor\more_itertools\__pycache__,195213,190.64 KB
DIR,E:\Bots\docgen_backend_minimal_v2\venv\Lib\site-packages\pycparser\ply\__pycache__,195022,190.45 KB
DIR,E:\Bots\docgen_backend_minimal_v2\venv\Lib\site-packages\pandas\tests\groupby\aggregate\__pycache__,194119,189.57 KB
DIR,E:\Bots\docgen_backend_minimal_v2\venv\Lib\site-packages\sqlalchemy\dialects\sqlite\__pycache__,189720,185.27 KB
DIR,E:\Bots\docgen_backend_minimal_v2\venv\Lib\site-packages\pip\_vendor\__pycache__,183604,179.30 KB
DIR,E:\Bots\docgen_backend_minimal_v2\venv\Lib\site-packages\pandas\core\arrays\arrow\__pycache__,182217,177.95 KB
DIR,E:\Bots\docgen_backend_minimal_v2\venv\Lib\site-packages\websockets\legacy\__pycache__,182174,177.90 KB
DIR,E:\Bots\docgen_backend_minimal_v2\venv\Lib\site-packages\pip\_vendor\pygments\__pycache__,181177,176.93 KB
DIR,E:\Bots\docgen_backend_minimal_v2\venv\Lib\site-packages\pip\_vendor\urllib3\__pycache__,179421,175.22 KB
DIR,E:\Bots\docgen_backend_minimal_v2\venv\Lib\site-packages\numpy\linalg\tests\__pycache__,176313,172.18 KB
DIR,E:\Bots\docgen_backend_minimal_v2\venv\Lib\site-packages\pandas\core\strings\__pycache__,175965,171.84 KB
DIR,E:\Bots\docgen_backend_minimal_v2\venv\Lib\site-packages\pip\_vendor\pygments\formatters\__pycache__,173479,169.41 KB
DIR,E:\Bots\docgen_backend_minimal_v2\venv\Lib\site-packages\setuptools\_vendor\more_itertools\__pycache__,173244,169.18 KB
DIR,E:\Bots\docgen_backend_minimal_v2\venv\Lib\site-packages\pip\_internal\utils\__pycache__,171772,167.75 KB
DIR,E:\Bots\docgen_backend_minimal_v2\venv\Lib\site-packages\websockets\asyncio\__pycache__,168486,164.54 KB
DIR,E:\Bots\docgen_backend_minimal_v2\venv\Lib\site-packages\pandas\tests\indexes\datetimes\methods\__pycache__,168147,164.21 KB
DIR,E:\Bots\docgen_backend_minimal_v2\venv\Lib\site-packages\pandas\tests\scalar\timestamp\__pycache__,166404,162.50 KB
DIR,E:\Bots\docgen_backend_minimal_v2\venv\Lib\site-packages\pandas\core\computation\__pycache__,165370,161.49 KB
DIR,E:\Bots\docgen_backend_minimal_v2\venv\Lib\site-packages\pandas\tests\scalar\timedelta\__pycache__,164416,160.56 KB
DIR,E:\Bots\docgen_backend_minimal_v2\venv\Lib\site-packages\pip\_internal\commands\__pycache__,163036,159.21 KB
DIR,E:\Bots\docgen_backend_minimal_v2\venv\Lib\site-packages\pip\_vendor\pkg_resources\__pycache__,160141,156.39 KB
DIR,E:\Bots\docgen_backend_minimal_v2\venv\Lib\site-packages\pkg_resources\__pycache__,159571,155.83 KB
DIR,E:\Bots\docgen_backend_minimal_v2\venv\Lib\site-packages\alembic\ddl\__pycache__,159335,155.60 KB
DIR,E:\Bots\docgen_backend_minimal_v2\venv\Lib\site-packages\pandas\tests\io\parser\common\__pycache__,157487,153.80 KB
DIR,E:\Bots\docgen_backend_minimal_v2\venv\Lib\site-packages\pandas\tests\scalar\period\__pycache__,157232,153.55 KB
DIR,E:\Bots\docgen_backend_minimal_v2\venv\Lib\site-packages\pandas\tests\generic\__pycache__,156634,152.96 KB
DIR,E:\Bots\docgen_backend_minimal_v2\venv\Lib\site-packages\pandas\io\excel\__pycache__,156289,152.63 KB
DIR,E:\Bots\docgen_backend_minimal_v2\venv\Lib\site-packages\rapidfuzz\distance\__pycache__,154345,150.73 KB
DIR,E:\Bots\docgen_backend_minimal_v2\venv\Lib\site-packages\pydantic_core\__pycache__,152215,148.65 KB
DIR,E:\Bots\docgen_backend_minimal_v2\venv\Lib\site-packages\numpy\distutils\command\__pycache__,151038,147.50 KB
DIR,E:\Bots\docgen_backend_minimal_v2\venv\Lib\site-packages\charset_normalizer\__pycache__,150212,146.69 KB
DIR,E:\Bots\docgen_backend_minimal_v2\venv\Lib\site-packages\openpyxl\drawing\__pycache__,150004,146.49 KB
DIR,E:\Bots\docgen_backend_minimal_v2\venv\Lib\site-packages\pandas\tests\io\xml\__pycache__,149577,146.07 KB
DIR,E:\Bots\docgen_backend_minimal_v2\venv\Lib\site-packages\openpyxl\chart\__pycache__,148489,145.01 KB
DIR,E:\Bots\docgen_backend_minimal_v2\venv\Lib\site-packages\setuptools\_vendor\__pycache__,145580,142.17 KB
DIR,E:\Bots\docgen_backend_minimal_v2\venv\Lib\site-packages\numpy\distutils\fcompiler\__pycache__,143354,139.99 KB
DIR,E:\Bots\docgen_backend_minimal_v2\venv\Lib\site-packages\numpy\linalg\__pycache__,138689,135.44 KB
DIR,E:\Bots\docgen_backend_minimal_v2\venv\Lib\site-packages\numpy\testing\tests\__pycache__,138671,135.42 KB
DIR,E:\Bots\docgen_backend_minimal_v2\venv\Lib\site-packages\alembic\autogenerate\__pycache__,137471,134.25 KB
DIR,E:\Bots\docgen_backend_minimal_v2\venv\Lib\site-packages\pandas\tests\tslibs\__pycache__,135056,131.89 KB
DIR,E:\Bots\docgen_backend_minimal_v2\venv\Lib\site-packages\pkg_resources\_vendor\packaging\__pycache__,134656,131.50 KB
DIR,E:\Bots\docgen_backend_minimal_v2\venv\Lib\site-packages\setuptools\_vendor\packaging\__pycache__,134617,131.46 KB
DIR,E:\Bots\docgen_backend_minimal_v2\venv\Lib\site-packages\pip\_vendor\packaging\__pycache__,134528,131.38 KB
DIR,E:\Bots\docgen_backend_minimal_v2\venv\Lib\site-packages\docx\__pycache__,133453,130.33 KB
DIR,E:\Bots\docgen_backend_minimal_v2\venv\Lib\site-packages\pip\_internal\req\__pycache__,131366,128.29 KB
DIR,E:\Bots\docgen_backend_minimal_v2\venv\Lib\site-packages\pandas\tests\computation\__pycache__,130395,127.34 KB
DIR,E:\Bots\docgen_backend_minimal_v2\venv\Lib\site-packages\pandas\tests\indexes\numeric\__pycache__,129162,126.13 KB
DIR,E:\Bots\docgen_backend_minimal_v2\venv\Lib\site-packages\alembic\testing\suite\__pycache__,128802,125.78 KB
DIR,E:\Bots\docgen_backend_minimal_v2\venv\Lib\site-packages\alembic\script\__pycache__,128504,125.49 KB
DIR,E:\Bots\docgen_backend_minimal_v2\venv\Lib\site-packages\numpy\testing\_private\__pycache__,126941,123.97 KB
DIR,E:\Bots\docgen_backend_minimal_v2\venv\Lib\site-packages\pandas\tests\groupby\transform\__pycache__,126758,123.79 KB
DIR,E:\Bots\docgen_backend_minimal_v2\venv\Lib\site-packages\openpyxl\styles\__pycache__,126671,123.70 KB
DIR,E:\Bots\docgen_backend_minimal_v2\venv\Lib\site-packages\websockets\sync\__pycache__,125415,122.48 KB
DIR,E:\Bots\docgen_backend_minimal_v2\venv\Lib\site-packages\pandas\tests\reductions\__pycache__,125387,122.45 KB
DIR,E:\Bots\docgen_backend_minimal_v2\venv\Lib\site-packages\pip\_vendor\pygments\lexers\__pycache__,124439,121.52 KB
DIR,E:\Bots\docgen_backend_minimal_v2\venv\Lib\site-packages\pandas\__pycache__,123887,120.98 KB
DIR,E:\Bots\docgen_backend_minimal_v2\venv\Lib\site-packages\pip\_internal\__pycache__,121387,118.54 KB
DIR,E:\Bots\docgen_backend_minimal_v2\venv\Lib\site-packages\numpy\distutils\tests\__pycache__,120463,117.64 KB
DIR,E:\Bots\docgen_backend_minimal_v2\venv\Lib\site-packages\pip\_internal\resolution\resolvelib\__pycache__,117767,115.01 KB
DIR,E:\Bots\docgen_backend_minimal_v2\venv\Lib\site-packages\pip\_internal\cli\__pycache__,115907,113.19 KB
DIR,E:\Bots\docgen_backend_minimal_v2\venv\Lib\site-packages\docx\opc\__pycache__,115751,113.04 KB
DIR,E:\Bots\docgen_backend_minimal_v2\venv\Lib\site-packages\setuptools\config\__pycache__,113285,110.63 KB
DIR,E:\Bots\docgen_backend_minimal_v2\venv\Lib\site-packages\dateutil\tz\__pycache__,110137,107.56 KB
DIR,E:\Bots\docgen_backend_minimal_v2\venv\Lib\site-packages\dateutil\__pycache__,110114,107.53 KB
DIR,E:\Bots\docgen_backend_minimal_v2\venv\Lib\site-packages\pip\_vendor\urllib3\util\__pycache__,108800,106.25 KB
DIR,E:\Bots\docgen_backend_minimal_v2\venv\Lib\site-packages\pandas\tests\indexes\categorical\__pycache__,107645,105.12 KB
DIR,E:\Bots\docgen_backend_minimal_v2\venv\Lib\site-packages\alembic\runtime\__pycache__,106687,104.19 KB
DIR,E:\Bots\docgen_backend_minimal_v2\venv\Lib\site-packages\pandas\tests\indexes\timedeltas\__pycache__,106114,103.63 KB
DIR,E:\Bots\docgen_backend_minimal_v2\venv\Lib\site-packages\pandas\_testing\__pycache__,105880,103.40 KB
DIR,E:\Bots\docgen_backend_minimal_v2\venv\Lib\site-packages\numpy\__pycache__,105725,103.25 KB
DIR,E:\Bots\docgen_backend_minimal_v2\venv\Lib\site-packages\sqlalchemy\pool\__pycache__,103204,100.79 KB
DIR,E:\Bots\docgen_backend_minimal_v2\venv\Lib\site-packages\pandas\core\arrays\sparse\__pycache__,103005,100.59 KB
DIR,E:\Bots\docgen_backend_minimal_v2\venv\Lib\site-packages\pandas\tests\libs\__pycache__,102473,100.07 KB
DIR,E:\Bots\docgen_backend_minimal_v2\venv\Lib\site-packages\pandas\tests\internals\__pycache__,101130,98.76 KB
DIR,E:\Bots\docgen_backend_minimal_v2\venv\Lib\site-packages\cryptography\hazmat\primitives\serialization\__pycache__,100643,98.28 KB
DIR,E:\Bots\docgen_backend_minimal_v2\venv\Lib\site-packages\pandas\tests\indexes\ranges\__pycache__,98449,96.14 KB
DIR,E:\Bots\docgen_backend_minimal_v2\venv\Lib\site-packages\uvicorn\__pycache__,98230,95.93 KB
DIR,E:\Bots\docgen_backend_minimal_v2\venv\Lib\site-packages\pandas\plotting\__pycache__,95260,93.03 KB
DIR,E:\Bots\docgen_backend_minimal_v2\venv\Lib\site-packages\pandas\io\json\__pycache__,93846,91.65 KB
DIR,E:\Bots\docgen_backend_minimal_v2\venv\Lib\site-packages\openpyxl\pivot\__pycache__,93646,91.45 KB
DIR,E:\Bots\docgen_backend_minimal_v2\venv\Lib\site-packages\numpy\matrixlib\tests\__pycache__,92607,90.44 KB
DIR,E:\Bots\docgen_backend_minimal_v2\venv\Lib\site-packages\h11\__pycache__,91227,89.09 KB
DIR,E:\Bots\docgen_backend_minimal_v2\venv\Lib\site-packages\pip\_vendor\urllib3\contrib\__pycache__,91198,89.06 KB
DIR,E:\Bots\docgen_backend_minimal_v2\venv\Lib\site-packages\dateutil\parser\__pycache__,90274,88.16 KB
DIR,E:\Bots\docgen_backend_minimal_v2\venv\Lib\site-packages\sqlalchemy\event\__pycache__,90202,88.09 KB
DIR,E:\Bots\docgen_backend_minimal_v2\venv\Lib\site-packages\pandas\tests\series\accessors\__pycache__,88462,86.39 KB
DIR,E:\Bots\docgen_backend_minimal_v2\venv\Lib\site-packages\anyio\__pycache__,86290,84.27 KB
DIR,E:\Bots\docgen_backend_minimal_v2\venv\Lib\site-packages\docxcompose\__pycache__,85486,83.48 KB
DIR,E:\Bots\docgen_backend_minimal_v2\venv\Lib\site-packages\pandas\tests\base\__pycache__,85047,83.05 KB
DIR,E:\Bots\docgen_backend_minimal_v2\venv\Lib\site-packages\numpy\fft\__pycache__,84922,82.93 KB
DIR,E:\Bots\docgen_backend_minimal_v2\venv\Lib\site-packages\pandas\tests\arrays\integer\__pycache__,84633,82.65 KB
DIR,E:\Bots\docgen_backend_minimal_v2\venv\Lib\site-packages\sqlalchemy\ext\mypy\__pycache__,83876,81.91 KB
DIR,E:\Bots\docgen_backend_minimal_v2\venv\Lib\site-packages\pip\_internal\vcs\__pycache__,83191,81.24 KB
DIR,E:\Bots\docgen_backend_minimal_v2\venv\Lib\site-packages\pip\_vendor\tenacity\__pycache__,82574,80.64 KB
DIR,E:\Bots\docgen_backend_minimal_v2\venv\Lib\site-packages\docx\image\__pycache__,81910,79.99 KB
DIR,E:\Bots\docgen_backend_minimal_v2\venv\Lib\site-packages\multipart\__pycache__,81509,79.60 KB
DIR,E:\Bots\docgen_backend_minimal_v2\venv\Lib\site-packages\docx\text\__pycache__,81073,79.17 KB
DIR,E:\Bots\docgen_backend_minimal_v2\venv\Lib\site-packages\numpy\tests\__pycache__,80676,78.79 KB
DIR,E:\Bots\docgen_backend_minimal_v2\venv\Lib\site-packages\setuptools\_vendor\importlib_metadata\__pycache__,80623,78.73 KB
DIR,E:\Bots\docgen_backend_minimal_v2\venv\Lib\site-packages\pip\_internal\index\__pycache__,80034,78.16 KB
DIR,E:\Bots\docgen_backend_minimal_v2\venv\Lib\site-packages\pip\_internal\network\__pycache__,79087,77.23 KB
DIR,E:\Bots\docgen_backend_minimal_v2\venv\Lib\site-packages\cryptography\hazmat\primitives\asymmetric\__pycache__,78405,76.57 KB
DIR,E:\Bots\docgen_backend_minimal_v2\venv\Lib\site-packages\pandas\core\interchange\__pycache__,77730,75.91 KB
DIR,E:\Bots\docgen_backend_minimal_v2\venv\Lib\site-packages\pandas\core\tools\__pycache__,76802,75.00 KB
DIR,E:\Bots\docgen_backend_minimal_v2\venv\Lib\site-packages\pytz\__pycache__,76517,74.72 KB
DIR,E:\Bots\docgen_backend_minimal_v2\venv\Lib\site-packages\sqlalchemy\__pycache__,75514,73.74 KB
DIR,E:\Bots\docgen_backend_minimal_v2\venv\Lib\site-packages\lxml\__pycache__,75470,73.70 KB
DIR,E:\Bots\docgen_backend_minimal_v2\venv\Lib\site-packages\openpyxl\workbook\__pycache__,74941,73.18 KB
DIR,E:\Bots\docgen_backend_minimal_v2\venv\Lib\site-packages\pip\_vendor\platformdirs\__pycache__,74867,73.11 KB
DIR,E:\Bots\docgen_backend_minimal_v2\venv\Lib\site-packages\rapidfuzz\__pycache__,74156,72.42 KB
DIR,E:\Bots\docgen_backend_minimal_v2\venv\Lib\site-packages\anyio\streams\__pycache__,73774,72.04 KB
DIR,E:\Bots\docgen_backend_minimal_v2\venv\Lib\site-packages\pandas\tests\scalar\timestamp\methods\__pycache__,73545,71.82 KB
DIR,E:\Bots\docgen_backend_minimal_v2\venv\Lib\site-packages\pip\_internal\models\__pycache__,73239,71.52 KB
DIR,E:\Bots\docgen_backend_minimal_v2\venv\Lib\site-packages\pandas\io\sas\__pycache__,72822,71.12 KB
DIR,E:\Bots\docgen_backend_minimal_v2\venv\Lib\site-packages\pandas\util\__pycache__,72709,71.00 KB
DIR,E:\Bots\docgen_backend_minimal_v2\venv\Lib\site-packages\alembic\testing\__pycache__,71790,70.11 KB
DIR,E:\Bots\docgen_backend_minimal_v2\venv\Lib\site-packages\sqlalchemy\testing\plugin\__pycache__,71172,69.50 KB
DIR,E:\Bots\docgen_backend_minimal_v2\venv\Lib\site-packages\docx\oxml\text\__pycache__,71084,69.42 KB
DIR,E:\Bots\docgen_backend_minimal_v2\venv\Lib\site-packages\starlette\middleware\__pycache__,70792,69.13 KB
DIR,E:\Bots\docgen_backend_minimal_v2\venv\Lib\site-packages\sqlalchemy\testing\fixtures\__pycache__,69677,68.04 KB
DIR,E:\Bots\docgen_backend_minimal_v2\venv\Lib\site-packages\anyio\abc\__pycache__,67365,65.79 KB
DIR,E:\Bots\docgen_backend_minimal_v2\venv\Lib\site-packages\pandas\tests\arrays\floating\__pycache__,66453,64.90 KB
DIR,E:\Bots\docgen_backend_minimal_v2\venv\Lib\site-packages\docxtpl\__pycache__,66183,64.63 KB
DIR,E:\Bots\docgen_backend_minimal_v2\venv\Lib\site-packages\alembic\util\__pycache__,66170,64.62 KB
DIR,E:\Bots\docgen_backend_minimal_v2\venv\Lib\site-packages\pandas\tests\dtypes\cast\__pycache__,66168,64.62 KB
DIR,E:\Bots\docgen_backend_minimal_v2\venv\Lib\site-packages\pandas\tests\arrays\boolean\__pycache__,65752,64.21 KB
DIR,E:\Bots\docgen_backend_minimal_v2\venv\Lib\site-packages\pip\_internal\metadata\__pycache__,64852,63.33 KB
DIR,E:\Bots\docgen_backend_minimal_v2\venv\Lib\site-packages\pandas\tests\arrays\string_\__pycache__,64059,62.56 KB
DIR,E:\Bots\docgen_backend_minimal_v2\venv\Lib\site-packages\fastapi\openapi\__pycache__,63503,62.01 KB
DIR,E:\Bots\docgen_backend_minimal_v2\venv\Lib\site-packages\numpy\fft\tests\__pycache__,62923,61.45 KB
DIR,E:\Bots\docgen_backend_minimal_v2\venv\Lib\site-packages\uvicorn\protocols\http\__pycache__,62119,60.66 KB
DIR,E:\Bots\docgen_backend_minimal_v2\venv\Lib\site-packages\watchfiles\__pycache__,61170,59.74 KB
DIR,E:\Bots\docgen_backend_minimal_v2\venv\Lib\site-packages\pip\_vendor\msgpack\__pycache__,60761,59.34 KB
DIR,E:\Bots\docgen_backend_minimal_v2\venv\Lib\site-packages\pip\_vendor\distro\__pycache__,59252,57.86 KB
DIR,E:\Bots\docgen_backend_minimal_v2\venv\Lib\site-packages\alembic\__pycache__,58834,57.46 KB
DIR,E:\Bots\docgen_backend_minimal_v2\venv\Lib\site-packages\pandas\core\ops\__pycache__,58653,57.28 KB
DIR,E:\Bots\docgen_backend_minimal_v2\venv\Lib\site-packages\pip\_vendor\colorama\tests\__pycache__,58539,57.17 KB
DIR,E:\Bots\docgen_backend_minimal_v2\venv\Lib\site-packages\colorama\tests\__pycache__,58455,57.08 KB
DIR,E:\Bots\docgen_backend_minimal_v2\venv\Lib\site-packages\pydantic\deprecated\__pycache__,57612,56.26 KB
DIR,E:\Bots\docgen_backend_minimal_v2\venv\Lib\site-packages\pandas\tests\extension\decimal\__pycache__,56565,55.24 KB
DIR,E:\Bots\docgen_backend_minimal_v2\venv\Lib\site-packages\pandas\core\array_algos\__pycache__,55312,54.02 KB
DIR,E:\Bots\docgen_backend_minimal_v2\venv\Lib\site-packages\packaging\licenses\__pycache__,55286,53.99 KB
DIR,E:\Bots\docgen_backend_minimal_v2\venv\Lib\site-packages\pandas\tests\io\parser\dtypes\__pycache__,55043,53.75 KB
DIR,E:\Bots\docgen_backend_minimal_v2\venv\Lib\site-packages\openpyxl\descriptors\__pycache__,53299,52.05 KB
DIR,E:\Bots\docgen_backend_minimal_v2\venv\Lib\site-packages\dotenv\__pycache__,51770,50.56 KB
DIR,E:\Bots\docgen_backend_minimal_v2\venv\Lib\site-packages\pkg_resources\_vendor\importlib_resources\__pycache__,51562,50.35 KB
DIR,E:\Bots\docgen_backend_minimal_v2\venv\Lib\site-packages\setuptools\_vendor\importlib_resources\__pycache__,51535,50.33 KB
DIR,E:\Bots\docgen_backend_minimal_v2\venv\Lib\site-packages\fastapi\security\__pycache__,51362,50.16 KB
DIR,E:\Bots\docgen_backend_minimal_v2\venv\Lib\site-packages\pip\_vendor\resolvelib\__pycache__,51361,50.16 KB
DIR,E:\Bots\docgen_backend_minimal_v2\venv\Lib\site-packages\pandas\tests\interchange\__pycache__,50998,49.80 KB
DIR,E:\Bots\docgen_backend_minimal_v2\venv\Lib\site-packages\pandas\tseries\__pycache__,50979,49.78 KB
DIR,E:\Bots\docgen_backend_minimal_v2\venv\Lib\site-packages\pip\_vendor\cachecontrol\__pycache__,50655,49.47 KB
DIR,E:\Bots\docgen_backend_minimal_v2\venv\Lib\site-packages\pandas\tests\frame\constructors\__pycache__,50639,49.45 KB
DIR,E:\Bots\docgen_backend_minimal_v2\venv\Lib\site-packages\openpyxl\packaging\__pycache__,50174,49.00 KB
DIR,E:\Bots\docgen_backend_minimal_v2\venv\Lib\site-packages\pandas\tests\indexes\period\methods\__pycache__,49974,48.80 KB
DIR,E:\Bots\docgen_backend_minimal_v2\venv\Lib\site-packages\pandas\_config\__pycache__,49696,48.53 KB
DIR,E:\Bots\docgen_backend_minimal_v2\venv\Lib\site-packages\pandas\tests\extension\json\__pycache__,49002,47.85 KB
DIR,E:\Bots\docgen_backend_minimal_v2\venv\Lib\site-packages\pandas\tests\indexes\datetimelike_\__pycache__,48702,47.56 KB
DIR,E:\Bots\docgen_backend_minimal_v2\venv\Lib\site-packages\pandas\tests\scalar\__pycache__,48549,47.41 KB
DIR,E:\Bots\docgen_backend_minimal_v2\venv\Lib\site-packages\pip\_internal\operations\__pycache__,48213,47.08 KB
DIR,E:\Bots\docgen_backend_minimal_v2\venv\Lib\site-packages\pandas\tests\indexes\base_class\__pycache__,47205,46.10 KB
DIR,E:\Bots\docgen_backend_minimal_v2\venv\Lib\site-packages\pip\_vendor\urllib3\packages\__pycache__,46654,45.56 KB
DIR,E:\Bots\docgen_backend_minimal_v2\venv\Lib\site-packages\uvicorn\protocols\websockets\__pycache__,45879,44.80 KB
DIR,E:\Bots\docgen_backend_minimal_v2\venv\Lib\site-packages\pkg_resources\_vendor\__pycache__,45638,44.57 KB
DIR,E:\Bots\docgen_backend_minimal_v2\venv\Lib\site-packages\fastapi\dependencies\__pycache__,45427,44.36 KB
DIR,E:\Bots\docgen_backend_minimal_v2\venv\Lib\site-packages\openpyxl\cell\__pycache__,43998,42.97 KB
DIR,E:\Bots\docgen_backend_minimal_v2\venv\Lib\site-packages\numpy\_typing\__pycache__,42768,41.77 KB
DIR,E:\Bots\docgen_backend_minimal_v2\venv\Lib\site-packages\pip\_internal\operations\install\__pycache__,42707,41.71 KB
DIR,E:\Bots\docgen_backend_minimal_v2\venv\Lib\site-packages\pip\_vendor\colorama\__pycache__,42365,41.37 KB
DIR,E:\Bots\docgen_backend_minimal_v2\venv\Lib\site-packages\colorama\__pycache__,42293,41.30 KB
DIR,E:\Bots\docgen_backend_minimal_v2\venv\Lib\site-packages\openpyxl\utils\__pycache__,41766,40.79 KB
DIR,E:\Bots\docgen_backend_minimal_v2\venv\Lib\site-packages\pandas\tests\io\sas\__pycache__,41455,40.48 KB
DIR,E:\Bots\docgen_backend_minimal_v2\venv\Lib\site-packages\pandas\core\methods\__pycache__,41218,40.25 KB
DIR,E:\Bots\docgen_backend_minimal_v2\venv\Lib\site-packages\uvicorn\supervisors\__pycache__,40342,39.40 KB
DIR,E:\Bots\docgen_backend_minimal_v2\venv\Lib\site-packages\pip\_internal\operations\build,40261,39.32 KB
DIR,E:\Bots\docgen_backend_minimal_v2\venv\Lib\site-packages\pandas\core\_numba\__pycache__,40238,39.29 KB
DIR,E:\Bots\docgen_backend_minimal_v2\venv\Lib\site-packages\pip\_vendor\pygments\filters\__pycache__,40103,39.16 KB
DIR,E:\Bots\docgen_backend_minimal_v2\venv\Lib\site-packages\pandas\tests\io\parser\usecols\__pycache__,39463,38.54 KB
DIR,E:\Bots\docgen_backend_minimal_v2\venv\Lib\site-packages\pydantic\experimental\__pycache__,39432,38.51 KB
DIR,E:\Bots\docgen_backend_minimal_v2\venv\Lib\site-packages\pandas\tests\config\__pycache__,39014,38.10 KB
DIR,E:\Bots\docgen_backend_minimal_v2\venv\Lib\site-packages\pip\_internal\locations\__pycache__,38658,37.75 KB
DIR,E:\Bots\docgen_backend_minimal_v2\venv\Lib\site-packages\numpy\matrixlib\__pycache__,38267,37.37 KB
DIR,E:\Bots\docgen_backend_minimal_v2\venv\Lib\site-packages\pip\_vendor\webencodings\__pycache__,38124,37.23 KB
DIR,E:\Bots\docgen_backend_minimal_v2\venv\Lib\site-packages\pandas\tests\window\moments\__pycache__,37490,36.61 KB
DIR,E:\Bots\docgen_backend_minimal_v2\venv\Lib\site-packages\pandas\tests\arrays\datetimes\__pycache__,37336,36.46 KB
DIR,E:\Bots\docgen_backend_minimal_v2\venv\Lib\site-packages\pandas\core\indexers\__pycache__,37320,36.45 KB
DIR,E:\Bots\docgen_backend_minimal_v2\venv\Lib\site-packages\docx\parts\__pycache__,36874,36.01 KB
DIR,E:\Bots\docgen_backend_minimal_v2\venv\Lib\site-packages\docx\enum\__pycache__,36571,35.71 KB
DIR,E:\Bots\docgen_backend_minimal_v2\venv\Lib\site-packages\cryptography\hazmat\primitives\__pycache__,36409,35.56 KB
DIR,E:\Bots\docgen_backend_minimal_v2\venv\Lib\site-packages\numpy\_utils\__pycache__,36298,35.45 KB
DIR,E:\Bots\docgen_backend_minimal_v2\venv\Lib\site-packages\setuptools\_vendor\tomli\__pycache__,36182,35.33 KB
DIR,E:\Bots\docgen_backend_minimal_v2\venv\Lib\site-packages\pip\_vendor\tomli\__pycache__,36154,35.31 KB
DIR,E:\Bots\docgen_backend_minimal_v2\venv\Lib\site-packages\annotated_types\__pycache__,36011,35.17 KB
DIR,E:\Bots\docgen_backend_minimal_v2\venv\Lib\site-packages\pandas\tests\arrays\masked\__pycache__,35910,35.07 KB
DIR,E:\Bots\docgen_backend_minimal_v2\venv\Lib\site-packages\docx\styles\__pycache__,35673,34.84 KB
DIR,E:\Bots\docgen_backend_minimal_v2\venv\Lib\site-packages\pandas\tests\arrays\interval\__pycache__,35279,34.45 KB
DIR,E:\Bots\docgen_backend_minimal_v2\venv\Scripts\__pycache__,34691,33.88 KB
DIR,E:\Bots\docgen_backend_minimal_v2\venv\Lib\site-packages\et_xmlfile\__pycache__,34245,33.44 KB
DIR,E:\Bots\docgen_backend_minimal_v2\venv\Lib\site-packages\pandas\io\clipboard\__pycache__,33918,33.12 KB
DIR,E:\Bots\docgen_backend_minimal_v2\venv\Lib\site-packages\sqlalchemy\connectors\__pycache__,33310,32.53 KB
DIR,E:\Bots\docgen_backend_minimal_v2\venv\Lib\site-packages\pandas\errors\__pycache__,33301,32.52 KB
DIR,E:\Bots\docgen_backend_minimal_v2\venv\Lib\site-packages\pip\_vendor\urllib3\contrib\_securetransport\__pycache__,32797,32.03 KB
DIR,E:\Bots\docgen_backend_minimal_v2\venv\Lib\site-packages\pytesseract\__pycache__,32074,31.32 KB
DIR,E:\Bots\docgen_backend_minimal_v2\venv\Lib\site-packages\pandas\tests\indexes\timedeltas\methods\__pycache__,31403,30.67 KB
DIR,E:\Bots\docgen_backend_minimal_v2\venv\Lib\site-packages\pip\_internal\metadata\importlib\__pycache__,30999,30.27 KB
DIR,E:\Bots\docgen_backend_minimal_v2\venv\Lib\site-packages\pandas\tests\tseries\holiday\__pycache__,30410,29.70 KB
DIR,E:\Bots\docgen_backend_minimal_v2\venv\Lib\site-packages\openpyxl\reader\__pycache__,30332,29.62 KB
DIR,E:\Bots\docgen_backend_minimal_v2\venv\Lib\site-packages\pandas\tests\tseries\frequencies\__pycache__,29981,29.28 KB
DIR,E:\Bots\docgen_backend_minimal_v2\venv\Lib\site-packages\pkg_resources\_vendor\jaraco\__pycache__,29927,29.23 KB
DIR,E:\Bots\docgen_backend_minimal_v2\venv\Lib\site-packages\setuptools\_vendor\jaraco\__pycache__,29912,29.21 KB
DIR,E:\Bots\docgen_backend_minimal_v2\venv\Lib\site-packages\pandas\tests\indexing\interval\__pycache__,29431,28.74 KB
DIR,E:\Bots\docgen_backend_minimal_v2\venv\Lib\site-packages\openpyxl\formula\__pycache__,29327,28.64 KB
DIR,E:\Bots\docgen_backend_minimal_v2\venv\Lib\site-packages\pandas\tests\scalar\interval\__pycache__,29143,28.46 KB
DIR,E:\Bots\docgen_backend_minimal_v2\venv\Lib\site-packages\pip\_vendor\pyparsing\diagram\__pycache__,28787,28.11 KB
DIR,E:\Bots\docgen_backend_minimal_v2\venv\Lib\site-packages\mako\ext\__pycache__,28374,27.71 KB
DIR,E:\Bots\docgen_backend_minimal_v2\venv\Lib\site-packages\openpyxl\writer\__pycache__,28233,27.57 KB
DIR,E:\Bots\docgen_backend_minimal_v2\venv\Lib\site-packages\cryptography\hazmat\primitives\kdf\__pycache__,28166,27.51 KB
DIR,E:\Bots\docgen_backend_minimal_v2\venv\Lib\site-packages\cryptography\hazmat\primitives\ciphers\__pycache__,28054,27.40 KB
DIR,E:\Bots\docgen_backend_minimal_v2\venv\Lib\site-packages\pkg_resources\_vendor\pyparsing\diagram\__pycache__,28007,27.35 KB
DIR,E:\Bots\docgen_backend_minimal_v2\venv\Lib\site-packages\setuptools\_vendor\pyparsing\diagram\__pycache__,28004,27.35 KB
DIR,E:\Bots\docgen_backend_minimal_v2\venv\Lib\site-packages\mako\testing\__pycache__,27184,26.55 KB
DIR,E:\Bots\docgen_backend_minimal_v2\venv\Lib\site-packages\pkg_resources\_vendor\jaraco\text\__pycache__,26609,25.99 KB
DIR,E:\Bots\docgen_backend_minimal_v2\venv\Lib\site-packages\setuptools\_vendor\jaraco\text\__pycache__,26597,25.97 KB
DIR,E:\Bots\docgen_backend_minimal_v2\venv\Lib\site-packages\markupsafe\__pycache__,26456,25.84 KB
DIR,E:\Bots\docgen_backend_minimal_v2\venv\Lib\site-packages\pandas\tests\arrays\period\__pycache__,26242,25.63 KB
DIR,E:\Bots\docgen_backend_minimal_v2\venv\Lib\site-packages\pandas\compat\__pycache__,26129,25.52 KB
DIR,E:\Bots\docgen_backend_minimal_v2\venv\Lib\site-packages\pandas\core\_numba\kernels\__pycache__,25560,24.96 KB
DIR,E:\Bots\docgen_backend_minimal_v2\venv\Lib\site-packages\pip\_internal\operations\build\__pycache__,25478,24.88 KB
DIR,E:\Bots\docgen_backend_minimal_v2\venv\Lib\site-packages\pandas\util\version\__pycache__,24931,24.35 KB
DIR,E:\Bots\docgen_backend_minimal_v2\venv\Lib\site-packages\websockets\extensions\__pycache__,24743,24.16 KB
DIR,E:\Bots\docgen_backend_minimal_v2\venv\Lib\site-packages\sqlalchemy\ext\declarative\__pycache__,24684,24.11 KB
DIR,E:\Bots\docgen_backend_minimal_v2\venv\Lib\site-packages\numpy\ctypeslib\__pycache__,24085,23.52 KB
DIR,E:\Bots\docgen_backend_minimal_v2\venv\Lib\site-packages\pip\_internal\resolution\legacy\__pycache__,24008,23.45 KB
DIR,E:\Bots\docgen_backend_minimal_v2\venv\Lib\site-packages\pandas\tests\arrays\timedeltas\__pycache__,23746,23.19 KB
DIR,E:\Bots\docgen_backend_minimal_v2\venv\Lib\site-packages\cryptography\__pycache__,23580,23.03 KB
DIR,E:\Bots\docgen_backend_minimal_v2\venv\Lib\site-packages\cryptography\hazmat\__pycache__,21918,21.40 KB
DIR,E:\Bots\docgen_backend_minimal_v2\venv\Lib\site-packages\uvicorn\middleware\__pycache__,21529,21.02 KB
DIR,E:\Bots\docgen_backend_minimal_v2\venv\Lib\site-packages\numpy\f2py\_backends\__pycache__,21452,20.95 KB
DIR,E:\Bots\docgen_backend_minimal_v2\venv\Lib\site-packages\pandas\tests\arrays\numpy_\__pycache__,19479,19.02 KB
DIR,E:\Bots\docgen_backend_minimal_v2\venv\Lib\site-packages\openpyxl\chartsheet\__pycache__,19334,18.88 KB
DIR,E:\Bots\docgen_backend_minimal_v2\venv\Lib\site-packages\pandas\tests\copy_view\index\__pycache__,19319,18.87 KB
DIR,E:\Bots\docgen_backend_minimal_v2\venv\Lib\site-packages\numpy\typing\tests\__pycache__,18548,18.11 KB
DIR,E:\Bots\docgen_backend_minimal_v2\venv\Lib\site-packages\pydantic\plugin\__pycache__,18431,18.00 KB
DIR,E:\Bots\docgen_backend_minimal_v2\venv\Lib\site-packages\pip\_vendor\pyproject_hooks\__pycache__,17774,17.36 KB
DIR,E:\Bots\docgen_backend_minimal_v2\venv\Lib\site-packages\openpyxl\comments\__pycache__,17772,17.36 KB
DIR,E:\Bots\docgen_backend_minimal_v2\venv\Lib\site-packages\pip\_vendor\pyproject_hooks\_in_process\__pycache__,17650,17.24 KB
DIR,E:\Bots\docgen_backend_minimal_v2\venv\Lib\site-packages\openpyxl\formatting\__pycache__,17233,16.83 KB
DIR,E:\Bots\docgen_backend_minimal_v2\venv\Lib\site-packages\numpy\core\__pycache__,16960,16.56 KB
DIR,E:\Bots\docgen_backend_minimal_v2\venv\Lib\site-packages\pandas\compat\numpy\__pycache__,16939,16.54 KB
DIR,E:\Bots\docgen_backend_minimal_v2\venv\Lib\site-packages\pandas\core\util\__pycache__,16877,16.48 KB
DIR,E:\Bots\docgen_backend_minimal_v2\venv\Lib\site-packages\charset_normalizer\cli\__pycache__,16360,15.98 KB
DIR,E:\Bots\docgen_backend_minimal_v2\venv\Lib\site-packages\pandas\tests\indexes\object\__pycache__,16288,15.91 KB
DIR,E:\Bots\docgen_backend_minimal_v2\venv\Lib\site-packages\numpy\typing\__pycache__,16217,15.84 KB
DIR,E:\Bots\docgen_backend_minimal_v2\venv\Lib\site-packages\pip\_internal\distributions\__pycache__,16085,15.71 KB
DIR,E:\Bots\docgen_backend_minimal_v2\venv\Lib\site-packages\pandas\tests\scalar\timedelta\methods\__pycache__,15859,15.49 KB
DIR,E:\Bots\docgen_backend_minimal_v2\venv\Lib\site-packages\babel\localtime\__pycache__,15054,14.70 KB
DIR,E:\Bots\docgen_backend_minimal_v2\venv\Lib\site-packages\lxml\isoschematron\__pycache__,14581,14.24 KB
DIR,E:\Bots\docgen_backend_minimal_v2\venv\Lib\site-packages\cryptography\hazmat\backends\openssl\__pycache__,14210,13.88 KB
DIR,E:\Bots\docgen_backend_minimal_v2\venv\Lib\site-packages\pandas\tests\api\__pycache__,13993,13.67 KB
DIR,E:\Bots\docgen_backend_minimal_v2\venv\Lib\site-packages\numpy\testing\__pycache__,13406,13.09 KB
DIR,E:\Bots\docgen_backend_minimal_v2\venv\Lib\site-packages\dateutil\zoneinfo\__pycache__,13090,12.78 KB
DIR,E:\Bots\docgen_backend_minimal_v2\venv\Lib\site-packages\cryptography\hazmat\bindings\openssl\__pycache__,12646,12.35 KB
FILE,E:\DumpStack.log.tmp,12288,12.00 KB
DIR,E:\Bots\docgen_backend_minimal_v2\venv\Lib\site-packages\pandas\tests\extension\date\__pycache__,11968,11.69 KB
DIR,E:\Bots\docgen_backend_minimal_v2\venv\Lib\site-packages\_distutils_hack\__pycache__,11473,11.20 KB
DIR,E:\Bots\docgen_backend_minimal_v2\venv\Lib\site-packages\pip\_vendor\cachecontrol\caches\__pycache__,11305,11.04 KB
DIR,E:\Bots\docgen_backend_minimal_v2\venv\Lib\site-packages\pip\_vendor\chardet\metadata\__pycache__,11012,10.75 KB
DIR,E:\Bots\docgen_backend_minimal_v2\venv\Lib\site-packages\numpy\random\__pycache__,10962,10.71 KB
DIR,E:\Bots\docgen_backend_minimal_v2\venv\Lib\site-packages\pandas\tests\extension\list\__pycache__,10434,10.19 KB
DIR,E:\Bots\docgen_backend_minimal_v2\venv\Lib\site-packages\pip\_vendor\urllib3\packages\backports\__pycache__,10170,9.93 KB
DIR,E:\Bots\docgen_backend_minimal_v2\venv\Lib\site-packages\openpyxl\xml\__pycache__,10117,9.88 KB
DIR,E:\Bots\docgen_backend_minimal_v2\venv\Lib\site-packages\uvicorn\lifespan\__pycache__,9723,9.50 KB
DIR,E:\Bots\docgen_backend_minimal_v2\venv\Lib\site-packages\cryptography\hazmat\primitives\twofactor\__pycache__,9055,8.84 KB
DIR,E:\Bots\docgen_backend_minimal_v2\venv\Lib\site-packages\openpyxl\compat\__pycache__,8147,7.96 KB
DIR,E:\Bots\docgen_backend_minimal_v2\venv\Lib\site-packages\pandas\tests\extension\array_with_attr\__pycache__,8115,7.92 KB
DIR,E:\Bots\docgen_backend_minimal_v2\venv\Lib\site-packages\openpyxl\workbook\external_link\__pycache__,7944,7.76 KB
DIR,E:\Bots\docgen_backend_minimal_v2\venv\Lib\site-packages\numpy\random\_examples\numba\__pycache__,7027,6.86 KB
DIR,E:\Bots\docgen_backend_minimal_v2\venv\Lib\site-packages\docx\dml\__pycache__,6322,6.17 KB
DIR,E:\Bots\docgen_backend_minimal_v2\venv\Lib\site-packages\cryptography\hazmat\decrepit\ciphers\__pycache__,6162,6.02 KB
DIR,E:\Bots\docgen_backend_minimal_v2\venv\Lib\site-packages\numpy\doc\__pycache__,5619,5.49 KB
DIR,E:\Bots\docgen_backend_minimal_v2\venv\Lib\site-packages\alembic\templates\multidb\__pycache__,5520,5.39 KB
DIR,E:\Bots\docgen_backend_minimal_v2\venv\Lib\site-packages\numpy\_pyinstaller\tests\__pycache__,5348,5.22 KB
DIR,E:\Bots\docgen_backend_minimal_v2\venv\Lib\site-packages\sniffio\_tests\__pycache__,5256,5.13 KB
DIR,E:\Bots\docgen_backend_minimal_v2\venv\Lib\site-packages\pip\_vendor\pygments\styles\__pycache__,4678,4.57 KB
DIR,E:\Bots\docgen_backend_minimal_v2\venv\Lib\site-packages\pip\_vendor\chardet\cli\__pycache__,4541,4.43 KB
DIR,E:\Bots\docgen_backend_minimal_v2\venv\Lib\site-packages\numpy\random\_examples\cffi\__pycache__,4474,4.37 KB
DIR,E:\Bots\docgen_backend_minimal_v2\venv\Lib\site-packages\pip\_vendor\certifi\__pycache__,4441,4.34 KB
DIR,E:\Bots\docgen_backend_minimal_v2\venv\Lib\site-packages\setuptools\extern\__pycache__,4396,4.29 KB
DIR,E:\Bots\docgen_backend_minimal_v2\venv\Lib\site-packages\pkg_resources\extern\__pycache__,4318,4.22 KB
DIR,E:\Bots\docgen_backend_minimal_v2\venv\Lib\site-packages\cryptography\hazmat\asn1\__pycache__,4203,4.10 KB
DIR,E:\Bots\docgen_backend_minimal_v2\venv\Lib\site-packages\pip\__pycache__,4164,4.07 KB
DIR,E:\Bots\docgen_backend_minimal_v2\venv\Lib\site-packages\sniffio\__pycache__,4149,4.05 KB
DIR,E:\Bots\docgen_backend_minimal_v2\venv\Lib\site-packages\httptools\parser\__pycache__,3860,3.77 KB
DIR,E:\Bots\docgen_backend_minimal_v2\venv\Lib\site-packages\alembic\templates\async\__pycache__,3852,3.76 KB
DIR,E:\Bots\docgen_backend_minimal_v2\venv\Lib\site-packages\uvicorn\protocols\__pycache__,3755,3.67 KB
DIR,E:\Bots\docgen_backend_minimal_v2\venv\Lib\site-packages\docx\drawing\__pycache__,3317,3.24 KB
DIR,E:\Bots\docgen_backend_minimal_v2\venv\Lib\site-packages\sqlalchemy\dialects\__pycache__,3179,3.10 KB
DIR,E:\Bots\docgen_backend_minimal_v2\venv\Lib\site-packages\docx\opc\parts\__pycache__,3163,3.09 KB
DIR,E:\Bots\docgen_backend_minimal_v2\venv\Lib\site-packages\alembic\templates\generic\__pycache__,3014,2.94 KB
DIR,E:\Bots\docgen_backend_minimal_v2\venv\Lib\site-packages\rapidfuzz\__pyinstaller\__pycache__,2896,2.83 KB
DIR,E:\Bots\docgen_backend_minimal_v2\venv\Lib\site-packages\pandas\_libs\tslibs\__pycache__,2400,2.34 KB
DIR,E:\Bots\docgen_backend_minimal_v2\venv\Lib\site-packages\uvicorn\loops\__pycache__,2366,2.31 KB
DIR,E:\Bots\docgen_backend_minimal_v2\venv\Lib\site-packages\fastapi\middleware\__pycache__,1695,1.66 KB
DIR,E:\Bots\docgen_backend_minimal_v2\venv\Lib\site-packages\pandas\arrays\__pycache__,1609,1.57 KB
DIR,E:\Bots\docgen_backend_minimal_v2\venv\Lib\site-packages\pip\_internal\resolution\__pycache__,1575,1.54 KB
DIR,E:\Bots\docgen_backend_minimal_v2\venv\Lib\site-packages\pandas\tests\construction\__pycache__,1442,1.41 KB
DIR,E:\Bots\docgen_backend_minimal_v2\venv\Lib\site-packages\numpy\_core\tests\examples\cython\__pycache__,1401,1.37 KB
DIR,E:\Bots\docgen_backend_minimal_v2\venv\Lib\site-packages\pandas\api\typing\__pycache__,1375,1.34 KB
DIR,E:\Bots\docgen_backend_minimal_v2\venv\Lib\site-packages\openpyxl\__pycache__,1347,1.32 KB
DIR,E:\Bots\docgen_backend_minimal_v2\venv\Lib\site-packages\greenlet\__pycache__,1340,1.31 KB
DIR,E:\Bots\docgen_backend_minimal_v2\venv\Lib\site-packages\numpy\_pyinstaller\__pycache__,1206,1.18 KB
DIR,E:\Bots\docgen_backend_minimal_v2\venv\Lib\site-packages\sqlalchemy\future\__pycache__,970,970 B
DIR,E:\Bots\docgen_backend_minimal_v2\venv\Lib\site-packages\pandas\api\extensions\__pycache__,934,934 B
DIR,E:\Bots\docgen_backend_minimal_v2\venv\Lib\site-packages\_yaml\__pycache__,932,932 B
DIR,E:\Bots\docgen_backend_minimal_v2\venv\Lib\site-packages\numpy\_core\tests\examples\limited_api\__pycache__,892,892 B
DIR,E:\Bots\docgen_backend_minimal_v2\venv\Lib\site-packages\pandas\api\types\__pycache__,701,701 B
DIR,E:\Bots\docgen_backend_minimal_v2\venv\Lib\site-packages\pandas\_libs\__pycache__,701,701 B
DIR,E:\Bots\docgen_backend_minimal_v2\venv\Lib\site-packages\pip\_vendor\resolvelib\compat\__pycache__,689,689 B
DIR,E:\Bots\docgen_backend_minimal_v2\venv\Lib\site-packages\pandas\api\indexers\__pycache__,583,583 B
DIR,E:\Bots\docgen_backend_minimal_v2\venv\Lib\site-packages\pandas\core\sparse\__pycache__,574,574 B
DIR,E:\Bots\docgen_backend_minimal_v2\venv\Lib\site-packages\cryptography\hazmat\backends\__pycache__,573,573 B
DIR,E:\Bots\docgen_backend_minimal_v2\venv\Lib\site-packages\httptools\__pycache__,566,566 B
DIR,E:\Bots\docgen_backend_minimal_v2\venv\Lib\site-packages\pandas\api\interchange\__pycache__,494,494 B
DIR,E:\Bots\docgen_backend_minimal_v2\venv\Lib\site-packages\pandas\api\__pycache__,473,473 B
DIR,E:\Bots\docgen_backend_minimal_v2\venv\Lib\site-packages\alembic\testing\plugin\__pycache__,466,466 B
DIR,E:\Bots\docgen_backend_minimal_v2\venv\Lib\site-packages\numpy\char\__pycache__,307,307 B
DIR,E:\Bots\docgen_backend_minimal_v2\venv\Lib\site-packages\numpy\strings\__pycache__,305,305 B
DIR,E:\Bots\docgen_backend_minimal_v2\venv\Lib\site-packages\numpy\rec\__pycache__,301,301 B
DIR,E:\Bots\docgen_backend_minimal_v2\venv\Lib\site-packages\cryptography\hazmat\decrepit\__pycache__,268,268 B
DIR,E:\Bots\docgen_backend_minimal_v2\venv\Lib\site-packages\tzdata\__pycache__,239,239 B
DIR,E:\Bots\docgen_backend_minimal_v2\venv\Lib\site-packages\tzdata\zoneinfo\America\North_Dakota\__pycache__,214,214 B
DIR,E:\Bots\docgen_backend_minimal_v2\venv\Lib\site-packages\tzdata\zoneinfo\America\Argentina\__pycache__,211,211 B
DIR,E:\Bots\docgen_backend_minimal_v2\venv\Lib\site-packages\tzdata\zoneinfo\America\Kentucky\__pycache__,210,210 B
DIR,E:\Bots\docgen_backend_minimal_v2\venv\Lib\site-packages\tzdata\zoneinfo\America\Indiana\__pycache__,209,209 B
DIR,E:\Bots\docgen_backend_minimal_v2\venv\Lib\site-packages\cryptography\hazmat\bindings\__pycache__,206,206 B
DIR,E:\Bots\docgen_backend_minimal_v2\venv\Lib\site-packages\tzdata\zoneinfo\Antarctica\__pycache__,204,204 B
DIR,E:\Bots\docgen_backend_minimal_v2\venv\Lib\site-packages\tzdata\zoneinfo\Australia\__pycache__,203,203 B
DIR,E:\Bots\docgen_backend_minimal_v2\venv\Lib\site-packages\tzdata\zoneinfo\Atlantic\__pycache__,202,202 B
DIR,E:\Bots\docgen_backend_minimal_v2\venv\Lib\site-packages\numpy\random\tests\data\__pycache__,201,201 B
DIR,E:\Bots\docgen_backend_minimal_v2\venv\Lib\site-packages\tzdata\zoneinfo\America\__pycache__,201,201 B
DIR,E:\Bots\docgen_backend_minimal_v2\venv\Lib\site-packages\tzdata\zoneinfo\Pacific\__pycache__,201,201 B
DIR,E:\Bots\docgen_backend_minimal_v2\venv\Lib\site-packages\lxml\includes\libexslt\__pycache__,200,200 B
DIR,E:\Bots\docgen_backend_minimal_v2\venv\Lib\site-packages\sqlalchemy\cyextension\__pycache__,200,200 B
DIR,E:\Bots\docgen_backend_minimal_v2\venv\Lib\site-packages\tzdata\zoneinfo\Africa\__pycache__,200,200 B
DIR,E:\Bots\docgen_backend_minimal_v2\venv\Lib\site-packages\tzdata\zoneinfo\Arctic\__pycache__,200,200 B
DIR,E:\Bots\docgen_backend_minimal_v2\venv\Lib\site-packages\tzdata\zoneinfo\Brazil\__pycache__,200,200 B
DIR,E:\Bots\docgen_backend_minimal_v2\venv\Lib\site-packages\tzdata\zoneinfo\Canada\__pycache__,200,200 B
DIR,E:\Bots\docgen_backend_minimal_v2\venv\Lib\site-packages\tzdata\zoneinfo\Europe\__pycache__,200,200 B
DIR,E:\Bots\docgen_backend_minimal_v2\venv\Lib\site-packages\tzdata\zoneinfo\Indian\__pycache__,200,200 B
DIR,E:\Bots\docgen_backend_minimal_v2\venv\Lib\site-packages\tzdata\zoneinfo\Mexico\__pycache__,200,200 B
DIR,E:\Bots\docgen_backend_minimal_v2\venv\Lib\site-packages\lxml\includes\extlibs\__pycache__,199,199 B
DIR,E:\Bots\docgen_backend_minimal_v2\venv\Lib\site-packages\lxml\includes\libxslt\__pycache__,199,199 B
DIR,E:\Bots\docgen_backend_minimal_v2\venv\Lib\site-packages\tzdata\zoneinfo\Chile\__pycache__,199,199 B
DIR,E:\Bots\docgen_backend_minimal_v2\venv\Lib\site-packages\lxml\includes\libxml\__pycache__,198,198 B
DIR,E:\Bots\docgen_backend_minimal_v2\venv\Lib\site-packages\pandas\tests\tseries\__pycache__,198,198 B
DIR,E:\Bots\docgen_backend_minimal_v2\venv\Lib\site-packages\tzdata\zoneinfo\Asia\__pycache__,198,198 B
DIR,E:\Bots\docgen_backend_minimal_v2\venv\Lib\site-packages\pandas\_libs\window\__pycache__,197,197 B
DIR,E:\Bots\docgen_backend_minimal_v2\venv\Lib\site-packages\tzdata\zoneinfo\Etc\__pycache__,197,197 B
DIR,E:\Bots\docgen_backend_minimal_v2\venv\Lib\site-packages\tzdata\zoneinfo\US\__pycache__,196,196 B
DIR,E:\Bots\docgen_backend_minimal_v2\venv\Lib\site-packages\greenlet\platform\__pycache__,195,195 B
DIR,E:\Bots\docgen_backend_minimal_v2\venv\Lib\site-packages\tzdata\zoneinfo\__pycache__,193,193 B
DIR,E:\Bots\docgen_backend_minimal_v2\venv\Lib\site-packages\lxml\includes\__pycache__,191,191 B
